[{"id":"102", "parent_id":"103", "parent_cmd":"", "rfid1":"32 b8 44 fb", "rfid2":"f2 39 56 fb", "rfid3":"f3 cd f3 09", "x":1, "y":2},
 {"id":"103", "parent_id":"104", "parent_cmd":"", "rfid1":"ca 29 d5 92", "rfid2":"", "rfid3":"", "x":1, "y":3},
 {"id":"104", "parent_id":"105", "parent_cmd":"", "rfid1":"72 28 4b fb", "rfid2":"", "rfid3":"", "x":1, "y":4},
 {"id":"105", "parent_id":"107", "parent_cmd":"", "rfid1":"82 78 4e fb", "rfid2":"", "rfid3":"", "x":1, "y":5},
 {"id":"107", "parent_id":"108", "parent_cmd":"", "rfid1":"d2 07 4f fb", "rfid2":"", "rfid3":"", "x":1, "y":7},
 {"id":"108", "parent_id":"109", "parent_cmd":"", "rfid1":"7a 7d d5 92", "rfid2":"", "rfid3":"", "x":1, "y":8},
 {"id":"109", "parent_id":"", "parent_cmd":"", "rfid1":"a2 80 44 fb", "rfid2":"", "rfid3":"", "x":1, "y":9},
 {"id":"202", "parent_id":"102", "parent_cmd":"", "rfid1":"", "rfid2":"", "rfid3":"", "x":2, "y":2},
 {"id":"301", "parent_id":"302", "parent_cmd":"", "rfid1":"", "rfid2":"", "rfid3":"", "x":3, "y":1},
 {"id":"302", "parent_id":"202", "parent_cmd":"", "rfid1":"", "rfid2":"", "rfid3":"", "x":3, "y":2},

 {"id":"1001", "parent_id":"", "parent_cmd":"", "rfid1":"f2 46 41 fb", "rfid2":"d2 e7 52 fb", "rfid3":"", "x":10, "y":1},
 {"id":"1002", "parent_id":"", "parent_cmd":"", "rfid1":"a2 25 52 fb", "rfid2":"82 82 47 fb", "rfid3":"", "x":10, "y":2},
 {"id":"1003", "parent_id":"", "parent_cmd":"", "rfid1":"cc 25 fb 09", "rfid2":"42 64 4e fb", "rfid3":"", "x":10, "y":3},
 {"id":"1004", "parent_id":"", "parent_cmd":"", "rfid1":"b2 2e 49 fb", "rfid2":"22 dd 49 fb", "rfid3":"", "x":10, "y":4},
 {"id":"1005", "parent_id":"", "parent_cmd":"", "rfid1":"22 70 47 fb", "rfid2":"0c 3f fd 09", "rfid3":"", "x":10, "y":5},
 {"id":"1006", "parent_id":"", "parent_cmd":"", "rfid1":"e2 67 43 fb", "rfid2":"92 02 56 fb", "rfid3":"", "x":10, "y":6},
 {"id":"1007", "parent_id":"", "parent_cmd":"", "rfid1":"12 ad 42 fb", "rfid2":"8c c4 f4 09", "rfid3":"", "x":10, "y":7},
 {"id":"1008", "parent_id":"", "parent_cmd":"", "rfid1":"62 b2 4d fb", "rfid2":"12 07 4f fb", "rfid3":"", "x":10, "y":8},
 {"id":"1009", "parent_id":"", "parent_cmd":"", "rfid1":"7c 87 f6 09", "rfid2":"72 a5 49 fb", "rfid3":"", "x":10, "y":9},
 {"id":"1010", "parent_id":"", "parent_cmd":"", "rfid1":"c2 98 55 fb", "rfid2":"32 c6 45 fb", "rfid3":"", "x":10, "y":10},
 {"id":"1011", "parent_id":"", "parent_cmd":"", "rfid1":"c2 a6 45 fb", "rfid2":"b2 2f 53 fb", "rfid3":"", "x":10, "y":11},
 {"id":"1012", "parent_id":"", "parent_cmd":"", "rfid1":"e2 4c 52 fb", "rfid2":"a2 65 56 fb", "rfid3":"", "x":10, "y":12},
 {"id":"1013", "parent_id":"", "parent_cmd":"", "rfid1":"b2 dd 45 fb", "rfid2":"", "rfid3":"", "x":10, "y":13},

 {"id":"1101", "parent_id":"", "parent_cmd":"", "rfid1":"", "rfid2":"", "rfid3":"", "x":11, "y":1},
 {"id":"1102", "parent_id":"", "parent_cmd":"", "rfid1":"", "rfid2":"", "rfid3":"", "x":11, "y":2},
 {"id":"1103", "parent_id":"", "parent_cmd":"", "rfid1":"", "rfid2":"", "rfid3":"", "x":11, "y":3},
 {"id":"1104", "parent_id":"", "parent_cmd":"", "rfid1":"", "rfid2":"", "rfid3":"", "x":11, "y":4},
 {"id":"1105", "parent_id":"", "parent_cmd":"", "rfid1":"", "rfid2":"", "rfid3":"", "x":11, "y":5},

 {"id":"1107", "parent_id":"", "parent_cmd":"", "rfid1":"", "rfid2":"", "rfid3":"", "x":11, "y":7},
 {"id":"1108", "parent_id":"", "parent_cmd":"", "rfid1":"", "rfid2":"", "rfid3":"", "x":11, "y":8},
 {"id":"1109", "parent_id":"", "parent_cmd":"", "rfid1":"", "rfid2":"", "rfid3":"", "x":11, "y":9},
 {"id":"1110", "parent_id":"", "parent_cmd":"", "rfid1":"", "rfid2":"", "rfid3":"", "x":11, "y":10},
 {"id":"1111", "parent_id":"", "parent_cmd":"", "rfid1":"", "rfid2":"", "rfid3":"", "x":11, "y":11},
 {"id":"1112", "parent_id":"", "parent_cmd":"", "rfid1":"", "rfid2":"", "rfid3":"", "x":11, "y":12},
 {"id":"1113", "parent_id":"", "parent_cmd":"", "rfid1":"", "rfid2":"", "rfid3":"", "x":11, "y":13},

 {"id":"1201", "parent_id":"", "parent_cmd":"", "rfid1":"", "rfid2":"", "rfid3":"", "x":12, "y":1},
 {"id":"1202", "parent_id":"", "parent_cmd":"", "rfid1":"", "rfid2":"", "rfid3":"", "x":12, "y":2},
 {"id":"1203", "parent_id":"", "parent_cmd":"", "rfid1":"", "rfid2":"", "rfid3":"", "x":12, "y":3},
 {"id":"1204", "parent_id":"", "parent_cmd":"", "rfid1":"", "rfid2":"", "rfid3":"", "x":12, "y":4},
 {"id":"1205", "parent_id":"", "parent_cmd":"", "rfid1":"", "rfid2":"", "rfid3":"", "x":12, "y":5},
 {"id":"1206", "parent_id":"", "parent_cmd":"", "rfid1":"", "rfid2":"", "rfid3":"", "x":12, "y":6},
 {"id":"1207", "parent_id":"", "parent_cmd":"", "rfid1":"", "rfid2":"", "rfid3":"", "x":12, "y":7},
 {"id":"1208", "parent_id":"", "parent_cmd":"", "rfid1":"", "rfid2":"", "rfid3":"", "x":12, "y":8},
 {"id":"1209", "parent_id":"", "parent_cmd":"", "rfid1":"", "rfid2":"", "rfid3":"", "x":12, "y":9},
 {"id":"1210", "parent_id":"", "parent_cmd":"", "rfid1":"", "rfid2":"", "rfid3":"", "x":12, "y":10},
 {"id":"1211", "parent_id":"", "parent_cmd":"", "rfid1":"", "rfid2":"", "rfid3":"", "x":12, "y":11},
 {"id":"1212", "parent_id":"", "parent_cmd":"", "rfid1":"", "rfid2":"", "rfid3":"", "x":12, "y":12},
 {"id":"1213", "parent_id":"", "parent_cmd":"", "rfid1":"", "rfid2":"", "rfid3":"", "x":12, "y":13},

 {"id":"2001", "parent_id":"", "parent_cmd":"", "rfid1":"", "rfid2":"", "rfid3":"", "x":20, "y":1},
 {"id":"2002", "parent_id":"", "parent_cmd":"", "rfid1":"", "rfid2":"", "rfid3":"", "x":20, "y":2},
 {"id":"2003", "parent_id":"", "parent_cmd":"", "rfid1":"", "rfid2":"", "rfid3":"", "x":20, "y":3},
 {"id":"2004", "parent_id":"", "parent_cmd":"", "rfid1":"", "rfid2":"", "rfid3":"", "x":20, "y":4},
 {"id":"2005", "parent_id":"", "parent_cmd":"", "rfid1":"", "rfid2":"", "rfid3":"", "x":20, "y":5},
 {"id":"2006", "parent_id":"", "parent_cmd":"", "rfid1":"", "rfid2":"", "rfid3":"", "x":20, "y":6},
 {"id":"2007", "parent_id":"", "parent_cmd":"", "rfid1":"", "rfid2":"", "rfid3":"", "x":20, "y":7},
 {"id":"2008", "parent_id":"", "parent_cmd":"", "rfid1":"", "rfid2":"", "rfid3":"", "x":20, "y":8},
 {"id":"2009", "parent_id":"", "parent_cmd":"", "rfid1":"", "rfid2":"", "rfid3":"", "x":20, "y":9},
 {"id":"2010", "parent_id":"", "parent_cmd":"", "rfid1":"", "rfid2":"", "rfid3":"", "x":20, "y":10},
 {"id":"2011", "parent_id":"", "parent_cmd":"", "rfid1":"", "rfid2":"", "rfid3":"", "x":20, "y":11},
 {"id":"2012", "parent_id":"", "parent_cmd":"", "rfid1":"", "rfid2":"", "rfid3":"", "x":20, "y":12},
 {"id":"2013", "parent_id":"", "parent_cmd":"", "rfid1":"", "rfid2":"", "rfid3":"", "x":20, "y":13},

 {"id":"2101", "parent_id":"", "parent_cmd":"", "rfid1":"", "rfid2":"", "rfid3":"", "x":21, "y":1},
 {"id":"2102", "parent_id":"", "parent_cmd":"", "rfid1":"", "rfid2":"", "rfid3":"", "x":21, "y":2},
 {"id":"2103", "parent_id":"", "parent_cmd":"", "rfid1":"", "rfid2":"", "rfid3":"", "x":21, "y":3},
 {"id":"2104", "parent_id":"", "parent_cmd":"", "rfid1":"", "rfid2":"", "rfid3":"", "x":21, "y":4},
 {"id":"2105", "parent_id":"", "parent_cmd":"", "rfid1":"", "rfid2":"", "rfid3":"", "x":21, "y":5},
 {"id":"2106", "parent_id":"", "parent_cmd":"", "rfid1":"", "rfid2":"", "rfid3":"", "x":21, "y":6},
 {"id":"2107", "parent_id":"", "parent_cmd":"", "rfid1":"", "rfid2":"", "rfid3":"", "x":21, "y":7},
 {"id":"2108", "parent_id":"", "parent_cmd":"", "rfid1":"", "rfid2":"", "rfid3":"", "x":21, "y":8},
 {"id":"2109", "parent_id":"", "parent_cmd":"", "rfid1":"", "rfid2":"", "rfid3":"", "x":21, "y":9},
 {"id":"2110", "parent_id":"", "parent_cmd":"", "rfid1":"", "rfid2":"", "rfid3":"", "x":21, "y":10},
 {"id":"2111", "parent_id":"", "parent_cmd":"", "rfid1":"", "rfid2":"", "rfid3":"", "x":21, "y":11},
 {"id":"2112", "parent_id":"", "parent_cmd":"", "rfid1":"", "rfid2":"", "rfid3":"", "x":21, "y":12},
 {"id":"2113", "parent_id":"", "parent_cmd":"", "rfid1":"", "rfid2":"", "rfid3":"", "x":21, "y":13},

 {"id":"2201", "parent_id":"", "parent_cmd":"", "rfid1":"", "rfid2":"", "rfid3":"", "x":22, "y":1},
 {"id":"2202", "parent_id":"", "parent_cmd":"", "rfid1":"", "rfid2":"", "rfid3":"", "x":22, "y":2},
 {"id":"2203", "parent_id":"", "parent_cmd":"", "rfid1":"", "rfid2":"", "rfid3":"", "x":22, "y":3},
 {"id":"2204", "parent_id":"", "parent_cmd":"", "rfid1":"", "rfid2":"", "rfid3":"", "x":22, "y":4},
 {"id":"2205", "parent_id":"", "parent_cmd":"", "rfid1":"", "rfid2":"", "rfid3":"", "x":22, "y":5},
 {"id":"2206", "parent_id":"", "parent_cmd":"", "rfid1":"", "rfid2":"", "rfid3":"", "x":22, "y":6},
 {"id":"2207", "parent_id":"", "parent_cmd":"", "rfid1":"", "rfid2":"", "rfid3":"", "x":22, "y":7},
 {"id":"2208", "parent_id":"", "parent_cmd":"", "rfid1":"", "rfid2":"", "rfid3":"", "x":22, "y":8},
 {"id":"2209", "parent_id":"", "parent_cmd":"", "rfid1":"", "rfid2":"", "rfid3":"", "x":22, "y":9},
 {"id":"2210", "parent_id":"", "parent_cmd":"", "rfid1":"", "rfid2":"", "rfid3":"", "x":22, "y":10},
 {"id":"2211", "parent_id":"", "parent_cmd":"", "rfid1":"", "rfid2":"", "rfid3":"", "x":22, "y":11},
 {"id":"2212", "parent_id":"", "parent_cmd":"", "rfid1":"", "rfid2":"", "rfid3":"", "x":22, "y":12},
 {"id":"2213", "parent_id":"", "parent_cmd":"", "rfid1":"", "rfid2":"", "rfid3":"", "x":22, "y":13},

 {"id":"3001", "parent_id":"", "parent_cmd":"", "rfid1":"", "rfid2":"", "rfid3":"", "x":30, "y":1},
 {"id":"3002", "parent_id":"", "parent_cmd":"", "rfid1":"", "rfid2":"", "rfid3":"", "x":30, "y":2},
 {"id":"3003", "parent_id":"", "parent_cmd":"", "rfid1":"", "rfid2":"", "rfid3":"", "x":30, "y":3},
 {"id":"3004", "parent_id":"", "parent_cmd":"", "rfid1":"", "rfid2":"", "rfid3":"", "x":30, "y":4},
 {"id":"3005", "parent_id":"", "parent_cmd":"", "rfid1":"", "rfid2":"", "rfid3":"", "x":30, "y":5},
 {"id":"3006", "parent_id":"", "parent_cmd":"", "rfid1":"", "rfid2":"", "rfid3":"", "x":30, "y":6},
 {"id":"3007", "parent_id":"", "parent_cmd":"", "rfid1":"", "rfid2":"", "rfid3":"", "x":30, "y":7},
 {"id":"3008", "parent_id":"", "parent_cmd":"", "rfid1":"", "rfid2":"", "rfid3":"", "x":30, "y":8},
 {"id":"3009", "parent_id":"", "parent_cmd":"", "rfid1":"", "rfid2":"", "rfid3":"", "x":30, "y":9},
 {"id":"3010", "parent_id":"", "parent_cmd":"", "rfid1":"", "rfid2":"", "rfid3":"", "x":30, "y":10},
 {"id":"3011", "parent_id":"", "parent_cmd":"", "rfid1":"", "rfid2":"", "rfid3":"", "x":30, "y":11},
 {"id":"3012", "parent_id":"", "parent_cmd":"", "rfid1":"", "rfid2":"", "rfid3":"", "x":30, "y":12},
 {"id":"3013", "parent_id":"", "parent_cmd":"", "rfid1":"", "rfid2":"", "rfid3":"", "x":30, "y":13},

 {"id":"3101", "parent_id":"", "parent_cmd":"", "rfid1":"", "rfid2":"", "rfid3":"", "x":31, "y":1},
 {"id":"3102", "parent_id":"", "parent_cmd":"", "rfid1":"", "rfid2":"", "rfid3":"", "x":31, "y":2},
 {"id":"3103", "parent_id":"", "parent_cmd":"", "rfid1":"", "rfid2":"", "rfid3":"", "x":31, "y":3},
 {"id":"3104", "parent_id":"", "parent_cmd":"", "rfid1":"", "rfid2":"", "rfid3":"", "x":31, "y":4},
 {"id":"3105", "parent_id":"", "parent_cmd":"", "rfid1":"", "rfid2":"", "rfid3":"", "x":31, "y":5},
 {"id":"3106", "parent_id":"", "parent_cmd":"", "rfid1":"", "rfid2":"", "rfid3":"", "x":31, "y":6},
 {"id":"3107", "parent_id":"", "parent_cmd":"", "rfid1":"", "rfid2":"", "rfid3":"", "x":31, "y":7},
 {"id":"3108", "parent_id":"", "parent_cmd":"", "rfid1":"", "rfid2":"", "rfid3":"", "x":31, "y":8},
 {"id":"3109", "parent_id":"", "parent_cmd":"", "rfid1":"", "rfid2":"", "rfid3":"", "x":31, "y":9},
 {"id":"3110", "parent_id":"", "parent_cmd":"", "rfid1":"", "rfid2":"", "rfid3":"", "x":31, "y":10},
 {"id":"3111", "parent_id":"", "parent_cmd":"", "rfid1":"", "rfid2":"", "rfid3":"", "x":31, "y":11},
 {"id":"3112", "parent_id":"", "parent_cmd":"", "rfid1":"", "rfid2":"", "rfid3":"", "x":31, "y":12},
 {"id":"3113", "parent_id":"", "parent_cmd":"", "rfid1":"", "rfid2":"", "rfid3":"", "x":31, "y":13},

 {"id":"3201", "parent_id":"", "parent_cmd":"", "rfid1":"", "rfid2":"", "rfid3":"", "x":32, "y":1},
 {"id":"3202", "parent_id":"", "parent_cmd":"", "rfid1":"", "rfid2":"", "rfid3":"", "x":32, "y":2},
 {"id":"3203", "parent_id":"", "parent_cmd":"", "rfid1":"", "rfid2":"", "rfid3":"", "x":32, "y":3},
 {"id":"3204", "parent_id":"", "parent_cmd":"", "rfid1":"", "rfid2":"", "rfid3":"", "x":32, "y":4},
 {"id":"3205", "parent_id":"", "parent_cmd":"", "rfid1":"", "rfid2":"", "rfid3":"", "x":32, "y":5},
 {"id":"3206", "parent_id":"", "parent_cmd":"", "rfid1":"", "rfid2":"", "rfid3":"", "x":32, "y":6},
 {"id":"3207", "parent_id":"", "parent_cmd":"", "rfid1":"", "rfid2":"", "rfid3":"", "x":32, "y":7},
 {"id":"3208", "parent_id":"", "parent_cmd":"", "rfid1":"", "rfid2":"", "rfid3":"", "x":32, "y":8},
 {"id":"3209", "parent_id":"", "parent_cmd":"", "rfid1":"", "rfid2":"", "rfid3":"", "x":32, "y":9},
 {"id":"3210", "parent_id":"", "parent_cmd":"", "rfid1":"", "rfid2":"", "rfid3":"", "x":32, "y":10},
 {"id":"3211", "parent_id":"", "parent_cmd":"", "rfid1":"", "rfid2":"", "rfid3":"", "x":32, "y":11},
 {"id":"3212", "parent_id":"", "parent_cmd":"", "rfid1":"", "rfid2":"", "rfid3":"", "x":32, "y":12},
 {"id":"3213", "parent_id":"", "parent_cmd":"", "rfid1":"", "rfid2":"", "rfid3":"", "x":32, "y":13},

 {"id":"4001", "parent_id":"", "parent_cmd":"", "rfid1":"", "rfid2":"", "rfid3":"", "x":40, "y":1},
 {"id":"4002", "parent_id":"", "parent_cmd":"", "rfid1":"", "rfid2":"", "rfid3":"", "x":40, "y":2},
 {"id":"4003", "parent_id":"", "parent_cmd":"", "rfid1":"", "rfid2":"", "rfid3":"", "x":40, "y":3},
 {"id":"4004", "parent_id":"", "parent_cmd":"", "rfid1":"", "rfid2":"", "rfid3":"", "x":40, "y":4},
 {"id":"4005", "parent_id":"", "parent_cmd":"", "rfid1":"", "rfid2":"", "rfid3":"", "x":40, "y":5},
 {"id":"4006", "parent_id":"", "parent_cmd":"", "rfid1":"", "rfid2":"", "rfid3":"", "x":40, "y":6},
 {"id":"4007", "parent_id":"", "parent_cmd":"", "rfid1":"", "rfid2":"", "rfid3":"", "x":40, "y":7},
 {"id":"4008", "parent_id":"", "parent_cmd":"", "rfid1":"", "rfid2":"", "rfid3":"", "x":40, "y":8},
 {"id":"4009", "parent_id":"", "parent_cmd":"", "rfid1":"", "rfid2":"", "rfid3":"", "x":40, "y":9},
 {"id":"4010", "parent_id":"", "parent_cmd":"", "rfid1":"", "rfid2":"", "rfid3":"", "x":40, "y":10},
 {"id":"4011", "parent_id":"", "parent_cmd":"", "rfid1":"", "rfid2":"", "rfid3":"", "x":40, "y":11},
 {"id":"4012", "parent_id":"", "parent_cmd":"", "rfid1":"", "rfid2":"", "rfid3":"", "x":40, "y":12},
 {"id":"4013", "parent_id":"", "parent_cmd":"", "rfid1":"", "rfid2":"", "rfid3":"", "x":40, "y":13},

 {"id":"4101", "parent_id":"", "parent_cmd":"", "rfid1":"", "rfid2":"", "rfid3":"", "x":41, "y":1},
 {"id":"4102", "parent_id":"", "parent_cmd":"", "rfid1":"", "rfid2":"", "rfid3":"", "x":41, "y":2},
 {"id":"4103", "parent_id":"", "parent_cmd":"", "rfid1":"", "rfid2":"", "rfid3":"", "x":41, "y":3},
 {"id":"4104", "parent_id":"", "parent_cmd":"", "rfid1":"", "rfid2":"", "rfid3":"", "x":41, "y":4},
 {"id":"4105", "parent_id":"", "parent_cmd":"", "rfid1":"", "rfid2":"", "rfid3":"", "x":41, "y":5},
 {"id":"4106", "parent_id":"", "parent_cmd":"", "rfid1":"", "rfid2":"", "rfid3":"", "x":41, "y":6},
 {"id":"4107", "parent_id":"", "parent_cmd":"", "rfid1":"", "rfid2":"", "rfid3":"", "x":41, "y":7},
 {"id":"4108", "parent_id":"", "parent_cmd":"", "rfid1":"", "rfid2":"", "rfid3":"", "x":41, "y":8},
 {"id":"4109", "parent_id":"", "parent_cmd":"", "rfid1":"", "rfid2":"", "rfid3":"", "x":41, "y":9},
 {"id":"4110", "parent_id":"", "parent_cmd":"", "rfid1":"", "rfid2":"", "rfid3":"", "x":41, "y":10},
 {"id":"4111", "parent_id":"", "parent_cmd":"", "rfid1":"", "rfid2":"", "rfid3":"", "x":41, "y":11},
 {"id":"4112", "parent_id":"", "parent_cmd":"", "rfid1":"", "rfid2":"", "rfid3":"", "x":41, "y":12},
 {"id":"4113", "parent_id":"", "parent_cmd":"", "rfid1":"", "rfid2":"", "rfid3":"", "x":41, "y":13},

 {"id":"4201", "parent_id":"", "parent_cmd":"", "rfid1":"", "rfid2":"", "rfid3":"", "x":42, "y":1},
 {"id":"4202", "parent_id":"", "parent_cmd":"", "rfid1":"", "rfid2":"", "rfid3":"", "x":42, "y":2},
 {"id":"4203", "parent_id":"", "parent_cmd":"", "rfid1":"", "rfid2":"", "rfid3":"", "x":42, "y":3},
 {"id":"4204", "parent_id":"", "parent_cmd":"", "rfid1":"", "rfid2":"", "rfid3":"", "x":42, "y":4},
 {"id":"4205", "parent_id":"", "parent_cmd":"", "rfid1":"", "rfid2":"", "rfid3":"", "x":42, "y":5},
 {"id":"4206", "parent_id":"", "parent_cmd":"", "rfid1":"", "rfid2":"", "rfid3":"", "x":42, "y":6},
 {"id":"4207", "parent_id":"", "parent_cmd":"", "rfid1":"", "rfid2":"", "rfid3":"", "x":42, "y":7},
 {"id":"4208", "parent_id":"", "parent_cmd":"", "rfid1":"", "rfid2":"", "rfid3":"", "x":42, "y":8},
 {"id":"4209", "parent_id":"", "parent_cmd":"", "rfid1":"", "rfid2":"", "rfid3":"", "x":42, "y":9},
 {"id":"4210", "parent_id":"", "parent_cmd":"", "rfid1":"", "rfid2":"", "rfid3":"", "x":42, "y":10},
 {"id":"4211", "parent_id":"", "parent_cmd":"", "rfid1":"", "rfid2":"", "rfid3":"", "x":42, "y":11},
 {"id":"4212", "parent_id":"", "parent_cmd":"", "rfid1":"", "rfid2":"", "rfid3":"", "x":42, "y":12},
 {"id":"4213", "parent_id":"", "parent_cmd":"", "rfid1":"", "rfid2":"", "rfid3":"", "x":42, "y":13}
]