{
  "routes":[
    {
      "routeId": "106",
      "source": "起始位",
      "target": "射频门",
      "cmd": "550"
    },
    {
      "routeId": "102",
      "source": "起始位",
      "target": "射频门后转弯口",
      "cmd": "5222250"
    },
	{
      "routeId": "301",
      "source": "起始位",
      "target": "充电位",
      "cmd": "522225655680"
    },
	{
      "routeId": "1101",
      "source": "起始位",
      "target": "A101库位",
      "cmd": "5222256525450"
    },
	{
      "routeId": "1102",
      "source": "起始位",
      "target": "A102库位",
      "cmd": "52222565225450"
    },
	{
      "routeId": "1103",
      "source": "起始位",
      "target": "A103库位",
      "cmd": "522225652225450"
    },
	{
      "routeId": "1104",
      "source": "起始位",
      "target": "A104库位",
      "cmd": "5222256522225450"
    },
	{
      "routeId": "1105",
      "source": "起始位",
      "target": "A105库位",
      "cmd": "52222565222225450"
    },
	{
      "routeId": "1106",
      "source": "起始位",
      "target": "A106库位",
      "cmd": "522225652222225450"
    },
	{
      "routeId": "1107",
      "source": "起始位",
      "target": "A107库位",
      "cmd": "5222256522222225450"
    },
	{
      "routeId": "1108",
      "source": "起始位",
      "target": "A108库位",
      "cmd": "52222565222222225450"
    },
	{
      "routeId": "1109",
      "source": "起始位",
      "target": "A109库位",
      "cmd": "522225652222222225450"
    },
	{
      "routeId": "1110",
      "source": "起始位",
      "target": "A110库位",
      "cmd": "5222256522222222225450"
    },
	{
      "routeId": "1111",
      "source": "起始位",
      "target": "A111库位",
      "cmd": "52222565222222222225450"
    },
	{
      "routeId": "1112",
      "source": "起始位",
      "target": "A112库位",
      "cmd": "522225652222222222225450"
    },
	{
      "routeId": "1113",
      "source": "起始位",
      "target": "A113库位",
      "cmd": "5222256522222222222225450"
    },
	{
      "routeId": "1201",
      "source": "起始位",
      "target": "A201库位",
      "cmd": "5222256525650"
    },
	{
      "routeId": "1202",
      "source": "起始位",
      "target": "A202库位",
      "cmd": "52222562225650"
    },
	{
      "routeId": "1203",
      "source": "起始位",
      "target": "A203库位",
      "cmd": "522225622225650"
    },
	{
      "routeId": "1204",
      "source": "起始位",
      "target": "A204库位",
      "cmd": "5222256222225650"
    },
	{
      "routeId": "1205",
      "source": "起始位",
      "target": "A205库位",
      "cmd": "52222562222225650"
    },
	{
      "routeId": "1206",
      "source": "起始位",
      "target": "A206库位",
      "cmd": "522225622222225650"
    },
	{
      "routeId": "1207",
      "source": "起始位",
      "target": "A207库位",
      "cmd": "5222256222222225650"
    },
	{
      "routeId": "1208",
      "source": "起始位",
      "target": "A208库位",
      "cmd": "52222562222222225650"
    },
	{
      "routeId": "1209",
      "source": "起始位",
      "target": "A209库位",
      "cmd": "522225622222222225650"
    },
	{
      "routeId": "1210",
      "source": "起始位",
      "target": "A210库位",
      "cmd": "5222256222222222225650"
    },
	{
      "routeId": "1211",
      "source": "起始位",
      "target": "A211库位",
      "cmd": "52222562222222222225650"
    },
	{
      "routeId": "1212",
      "source": "起始位",
      "target": "A212库位",
      "cmd": "522225622222222222225650"
    },
	{
      "routeId": "1213",
      "source": "起始位",
      "target": "A213库位",
      "cmd": "5222256222222222222225650"
    },		
	{
      "routeId": "2101",
      "source": "起始位",
      "target": "B101库位",
      "cmd": "522225655652545450"
    },
	{
      "routeId": "2102",
      "source": "起始位",
      "target": "B102库位",
      "cmd": "5222256556525455450"
    },
	{
      "routeId": "2103",
      "source": "起始位",
      "target": "B103库位",
      "cmd": "52222565565254525450"
    },
	{
      "routeId": "2104",
      "source": "起始位",
      "target": "B104库位",
      "cmd": "522225655652545225450"
    },
	{
      "routeId": "2105",
      "source": "起始位",
      "target": "B105库位",
      "cmd": "5222256556525452225450"
    },
	{
      "routeId": "2106",
      "source": "起始位",
      "target": "B106库位",
      "cmd": "52222565565254522225450"
    },
	{
      "routeId": "2107",
      "source": "起始位",
      "target": "B107库位",
      "cmd": "522225655652545222225450"
    },
	{
      "routeId": "2108",
      "source": "起始位",
      "target": "B108库位",
      "cmd": "5222256556525452222225450"
    },
	{
      "routeId": "2109",
      "source": "起始位",
      "target": "B109库位",
      "cmd": "52222565565254522222225450"
    },
	{
      "routeId": "2110",
      "source": "起始位",
      "target": "B110库位",
      "cmd": "522225655652545222222225450"
    },
	{
      "routeId": "2111",
      "source": "起始位",
      "target": "B111库位",
      "cmd": "5222256556525452222222225450"
    },
	{
      "routeId": "2112",
      "source": "起始位",
      "target": "B112库位",
      "cmd": "52222565565254522222222225450"
    },
	{
      "routeId": "2113",
      "source": "起始位",
      "target": "B113库位",
      "cmd": "522225655652545222222222225450"
    },
	{
      "routeId": "2201",
      "source": "起始位",
      "target": "B201库位",
      "cmd": "522225655652545650"
    },
	{
      "routeId": "2202",
      "source": "起始位",
      "target": "B202库位",
      "cmd": "5222256556525455650"
    },
	{
      "routeId": "2203",
      "source": "起始位",
      "target": "B203库位",
      "cmd": "52222565565254525650"
    },
	{
      "routeId": "2204",
      "source": "起始位",
      "target": "B204库位",
      "cmd": "522225655652545225650"
    },
	{
      "routeId": "2205",
      "source": "起始位",
      "target": "B205库位",
      "cmd": "5222256556525452225650"
    },
	{
      "routeId": "2206",
      "source": "起始位",
      "target": "B206库位",
      "cmd": "52222565565254522225650"
    },
	{
      "routeId": "2207",
      "source": "起始位",
      "target": "B207库位",
      "cmd": "522225655652545222225650"
    },
	{
      "routeId": "2208",
      "source": "起始位",
      "target": "B208库位",
      "cmd": "5222256556525452222225650"
    },
	{
      "routeId": "2209",
      "source": "起始位",
      "target": "B209库位",
      "cmd": "52222565565254522222225650"
    },
	{
      "routeId": "2210",
      "source": "起始位",
      "target": "B210库位",
      "cmd": "522225655652545222222225650"
    },
	{
      "routeId": "2211",
      "source": "起始位",
      "target": "B211库位",
      "cmd": "5222256556525452222222225650"
    },
	{
      "routeId": "2212",
      "source": "起始位",
      "target": "B212库位",
      "cmd": "52222565565254522222222225650"
    },
	{
      "routeId": "2213",
      "source": "起始位",
      "target": "B213库位",
      "cmd": "522225655652545222222222225650"
    },
	{
      "routeId": "3101",
      "source": "起始位",
      "target": "C101库位",
      "cmd": "522225655652222545450"
    },
	{
      "routeId": "3102",
      "source": "起始位",
      "target": "C102库位",
      "cmd": "5222256556522225455450"
    },
	{
      "routeId": "3103",
      "source": "起始位",
      "target": "C103库位",
      "cmd": "52222565565222254525450"
    },
	{
      "routeId": "3104",
      "source": "起始位",
      "target": "C104库位",
      "cmd": "522225655652222545225450"
    },
	{
      "routeId": "3105",
      "source": "起始位",
      "target": "C105库位",
      "cmd": "5222256556522225452225450"
    },
	{
      "routeId": "3106",
      "source": "起始位",
      "target": "C106库位",
      "cmd": "52222565565222254522225450"
    },
	{
      "routeId": "3107",
      "source": "起始位",
      "target": "C107库位",
      "cmd": "522225655652222545222225450"
    },
	{
      "routeId": "3108",
      "source": "起始位",
      "target": "C108库位",
      "cmd": "5222256556522225452222225450"
    },
	{
      "routeId": "3109",
      "source": "起始位",
      "target": "C109库位",
      "cmd": "52222565565222254522222225450"
    },
	{
      "routeId": "3110",
      "source": "起始位",
      "target": "C110库位",
      "cmd": "522225655652222545222222225450"
    },
	{
      "routeId": "3111",
      "source": "起始位",
      "target": "C111库位",
      "cmd": "5222256556522225452222222225450"
    },
	{
      "routeId": "3112",
      "source": "起始位",
      "target": "C112库位",
      "cmd": "52222565565222254522222222225450"
    },
	{
      "routeId": "3113",
      "source": "起始位",
      "target": "C113库位",
      "cmd": "522225655652222545222222222225450"
    },
	{
      "routeId": "3201",
      "source": "起始位",
      "target": "C201库位",
      "cmd": "522225655652222545650"
    },
	{
      "routeId": "3202",
      "source": "起始位",
      "target": "C202库位",
      "cmd": "5222256556522225455650"
    },
	{
      "routeId": "3203",
      "source": "起始位",
      "target": "C203库位",
      "cmd": "52222565565222254525650"
    },
	{
      "routeId": "3204",
      "source": "起始位",
      "target": "C204库位",
      "cmd": "522225655652222545225650"
    },
	{
      "routeId": "3205",
      "source": "起始位",
      "target": "C205库位",
      "cmd": "5222256556522225452225650"
    },
	{
      "routeId": "3206",
      "source": "起始位",
      "target": "C206库位",
      "cmd": "52222565565222254522225650"
    },
	{
      "routeId": "3207",
      "source": "起始位",
      "target": "C207库位",
      "cmd": "522225655652222545222225650"
    },
	{
      "routeId": "3208",
      "source": "起始位",
      "target": "C208库位",
      "cmd": "5222256556522225452222225650"
    },
	{
      "routeId": "3209",
      "source": "起始位",
      "target": "C209库位",
      "cmd": "52222565565222254522222225650"
    },
	{
      "routeId": "3210",
      "source": "起始位",
      "target": "C210库位",
      "cmd": "522225655652222545222222225650"
    },
	{
      "routeId": "3211",
      "source": "起始位",
      "target": "C211库位",
      "cmd": "5222256556522225452222222225650"
    },
	{
      "routeId": "3212",
      "source": "起始位",
      "target": "C212库位",
      "cmd": "52222565565222254522222222225650"
    },
	{
      "routeId": "3213",
      "source": "起始位",
      "target": "C213库位",
      "cmd": "522225655652222545222222222225650"
    },
	{
      "routeId": "4101",
      "source": "起始位",
      "target": "D101库位",
      "cmd": "522225655652222222545450"
    },
	{
      "routeId": "4102",
      "source": "起始位",
      "target": "D102库位",
      "cmd": "5222256556522222225455450"
    },
	{
      "routeId": "4103",
      "source": "起始位",
      "target": "D103库位",
      "cmd": "52222565565222222254525450"
    },
	{
      "routeId": "4104",
      "source": "起始位",
      "target": "D104库位",
      "cmd": "522225655652222222545225450"
    },
	{
      "routeId": "4105",
      "source": "起始位",
      "target": "D105库位",
      "cmd": "5222256556522222225452225450"
    },
	{
      "routeId": "4106",
      "source": "起始位",
      "target": "D106库位",
      "cmd": "52222565565222222254522225450"
    },
	{
      "routeId": "4107",
      "source": "起始位",
      "target": "D107库位",
      "cmd": "522225655652222222545222225450"
    },
	{
      "routeId": "4108",
      "source": "起始位",
      "target": "D108库位",
      "cmd": "5222256556522222225452222225450"
    },
	{
      "routeId": "4109",
      "source": "起始位",
      "target": "D109库位",
      "cmd": "52222565565222222254522222225450"
    },
	{
      "routeId": "4110",
      "source": "起始位",
      "target": "D110库位",
      "cmd": "522225655652222222545222222225450"
    },
	{
      "routeId": "4111",
      "source": "起始位",
      "target": "D111库位",
      "cmd": "5222256556522222225452222222225450"
    },
	{
      "routeId": "4112",
      "source": "起始位",
      "target": "D112库位",
      "cmd": "52222565565222222254522222222225450"
    },
	{
      "routeId": "4113",
      "source": "起始位",
      "target": "D113库位",
      "cmd": "522225655652222222545222222222225450"
    },
	{
      "routeId": "4201",
      "source": "起始位",
      "target": "D201库位",
      "cmd": "522225655652222222545650"
    },
	{
      "routeId": "4202",
      "source": "起始位",
      "target": "D202库位",
      "cmd": "5222256556522222225455650"
    },
	{
      "routeId": "4203",
      "source": "起始位",
      "target": "D203库位",
      "cmd": "52222565565222222254525650"
    },
	{
      "routeId": "4204",
      "source": "起始位",
      "target": "D204库位",
      "cmd": "522225655652222222545225650"
    },
	{
      "routeId": "4205",
      "source": "起始位",
      "target": "D205库位",
      "cmd": "5222256556522222225452225650"
    },
	{
      "routeId": "4206",
      "source": "起始位",
      "target": "D206库位",
      "cmd": "52222565565222222254522225650"
    },
	{
      "routeId": "4207",
      "source": "起始位",
      "target": "D207库位",
      "cmd": "522225655652222222545222225650"
    },
	{
      "routeId": "4208",
      "source": "起始位",
      "target": "D208库位",
      "cmd": "5222256556522222225452222225650"
    },
	{
      "routeId": "4209",
      "source": "起始位",
      "target": "D209库位",
      "cmd": "52222565565222222254522222225650"
    },
	{
      "routeId": "4210",
      "source": "起始位",
      "target": "D210库位",
      "cmd": "522225655652222222545222222225650"
    },
	{
      "routeId": "4211",
      "source": "起始位",
      "target": "D211库位",
      "cmd": "5222256556522222225452222222225650"
    },
	{
      "routeId": "4212",
      "source": "起始位",
      "target": "D212库位",
      "cmd": "52222565565222222254522222222225650"
    },
	{
      "routeId": "4213",
      "source": "起始位",
      "target": "D213库位",
      "cmd": "522225655652222222545222222222225650"
    }
  ]
}