{
  "routes":[
    {
      "routeId": "S1001-S2001",
      "source": "S1001",
      "target": "S2001",
      "cmd": "20"
    },
    {
      "routeId": "90011-11011",
      "source": "S9001",
      "target": "S2001",
      "cmd": "788844922250"
    },
    {
      "routeId": "11011-11021",
      "source": "S9001",
      "target": "S2001",
      "cmd": "250"
    },
    {
      "routeId": "11021-11031",
      "source": "S9001",
      "target": "S2001",
      "cmd": "250"
    },
    {
      "routeId": "11031-11041",
      "source": "S9001",
      "target": "S2001",
      "cmd": "2250"
    },
    {
      "routeId": "11041-11051",
      "source": "S9001",
      "target": "S2001",
      "cmd": "505050"
    },
    {
      "routeId": "11051-11052",
      "source": "S9001",
      "target": "S2001",
      "cmd": "25050"
    },
    {
      "routeId": "11052-11061",
      "source": "S9001",
      "target": "S2001",
      "cmd": "6256250"
    },
    {
      "routeId": "11061-11051",
      "source": "S9001",
      "target": "S2001",
      "cmd": "256256250"
    },
    {
      "routeId": "11052-11071",
      "source": "S9001",
      "target": "S2001",
      "cmd": "62562225550"
    },
    {
      "routeId": "11071-11081",
      "source": "S9001",
      "target": "S2001",
      "cmd": "25250"
    },
    {
      "routeId": "11081-11091",
      "source": "S9001",
      "target": "S2001",
      "cmd": "25250"
    },
    {
      "routeId": "11091-11101",
      "source": "S9001",
      "target": "S2001",
      "cmd": "250"
    },
    {
      "routeId": "11101-11102",
      "source": "S9001",
      "target": "S2001",
      "cmd": "250"
    },
    {
      "routeId": "11102-11111",
      "source": "S9001",
      "target": "S2001",
      "cmd": "250"
    }
    ,
    {
      "routeId": "11111-90011",
      "source": "S9001",
      "target": "S2001",
      "cmd": "22562254725590"
    },
    {
      "routeId": "90011-11121",
      "source": "S9001",
      "target": "S2001",
      "cmd": "7888449250"
    },
    {
      "routeId": "11121-90011",
      "source": "S9001",
      "target": "S2001",
      "cmd": "84272590"
    }

  ]
}
