{
  "routes":[
    {
      "routeId": "S1001-S2001",
      "source": "S1001",
      "target": "S2001",
      "cmd": "20"
    },
    {
      "routeId": "90021-11041",
      "source": "S1001",
      "target": "S2001",
      "cmd": "7888844922222222254256250"
    },
    {
      "routeId": "11041-11051",
      "source": "S1001",
      "target": "S2001",
      "cmd": "505050"
    },
    {
      "routeId": "11051-11052",
      "source": "S1001",
      "target": "S2001",
      "cmd": "25050"
    },
    {
      "routeId": "11052-11061",
      "source": "S1001",
      "target": "S2001",
      "cmd": "6256250"
    },
    {
      "routeId": "11061-11051",
      "source": "S1001",
      "target": "S2001",
      "cmd": "256256250"
    },
    {
      "routeId": "11052-11072",
      "source": "S1001",
      "target": "S2001",
      "cmd": "625622222254250"
    },
    {
      "routeId": "11072-90021",
      "source": "S1001",
      "target": "S2001",
      "cmd": "886222222222222222725590"
    }

  ]
}
